{
  "total_burned_area_hectares": 94157.19549483585,
  "total_burned_area_acres": 232659.24263611526,
  "official_fire_size_acres": 413717,
  "detection_accuracy": 0.5623632643476465
}