{
  "total_burned_area_hectares": 102608.4749215086,
  "total_burned_area_acres": 253542.06800471607,
  "official_fire_size_acres": 963309,
  "detection_accuracy": 0.2631991064183103
}