{
  "total_burned_area_hectares": 68032.79938473285,
  "total_burned_area_acres": 168106.7442172791,
  "official_fire_size_acres": 153336,
  "detection_accuracy": 1.0
}