{
  "total_burned_area_hectares": 167111.62231039625,
  "total_burned_area_acres": 412927.1616268749,
  "official_fire_size_acres": 379895,
  "detection_accuracy": 1.0
}